{
  "service": {
    "service": "aws-iot",
    "serviceObject": {
      "name": "aws-iot"
    },
    "provider": {
      "name": "aws",
      "runtime": "nodejs16.x",
      "environment": {
        "user_pool_id": {
          "Ref": "UserPool"
        },
        "client_id": {
          "Ref": "UserClient"
        }
      },
      "iamRoleStatements": [
        {
          "Effect": "Allow",
          "Action": [
            "cognito-idp:AdminInitiateAuth",
            "cognito-idp:AdminCreateUser",
            "cognito-idp:AdminSetUserPassword",
            "dynamodb:Scan",
            "dynamodb:UpdateItem",
            "dynamodb:GetItem"
          ],
          "Resource": "*"
        }
      ],
      "stage": "dev",
      "region": "us-east-1",
      "versionFunctions": true,
      "compiledCloudFormationTemplate": {
        "AWSTemplateFormatVersion": "2010-09-09",
        "Description": "The AWS CloudFormation template for this Serverless application",
        "Resources": {
          "ServerlessDeploymentBucket": {
            "Type": "AWS::S3::Bucket",
            "Properties": {
              "BucketEncryption": {
                "ServerSideEncryptionConfiguration": [
                  {
                    "ServerSideEncryptionByDefault": {
                      "SSEAlgorithm": "AES256"
                    }
                  }
                ]
              }
            }
          },
          "ServerlessDeploymentBucketPolicy": {
            "Type": "AWS::S3::BucketPolicy",
            "Properties": {
              "Bucket": {
                "Ref": "ServerlessDeploymentBucket"
              },
              "PolicyDocument": {
                "Statement": [
                  {
                    "Action": "s3:*",
                    "Effect": "Deny",
                    "Principal": "*",
                    "Resource": [
                      {
                        "Fn::Join": [
                          "",
                          [
                            "arn:",
                            {
                              "Ref": "AWS::Partition"
                            },
                            ":s3:::",
                            {
                              "Ref": "ServerlessDeploymentBucket"
                            },
                            "/*"
                          ]
                        ]
                      },
                      {
                        "Fn::Join": [
                          "",
                          [
                            "arn:",
                            {
                              "Ref": "AWS::Partition"
                            },
                            ":s3:::",
                            {
                              "Ref": "ServerlessDeploymentBucket"
                            }
                          ]
                        ]
                      }
                    ],
                    "Condition": {
                      "Bool": {
                        "aws:SecureTransport": false
                      }
                    }
                  }
                ]
              }
            }
          },
          "LoginUserLogGroup": {
            "Type": "AWS::Logs::LogGroup",
            "Properties": {
              "LogGroupName": "/aws/lambda/aws-iot-dev-loginUser"
            }
          },
          "SignupUserLogGroup": {
            "Type": "AWS::Logs::LogGroup",
            "Properties": {
              "LogGroupName": "/aws/lambda/aws-iot-dev-signupUser"
            }
          },
          "FetchPlansLogGroup": {
            "Type": "AWS::Logs::LogGroup",
            "Properties": {
              "LogGroupName": "/aws/lambda/aws-iot-dev-fetchPlans"
            }
          },
          "AddSubscriptionLogGroup": {
            "Type": "AWS::Logs::LogGroup",
            "Properties": {
              "LogGroupName": "/aws/lambda/aws-iot-dev-addSubscription"
            }
          },
          "AddDeviceLogGroup": {
            "Type": "AWS::Logs::LogGroup",
            "Properties": {
              "LogGroupName": "/aws/lambda/aws-iot-dev-addDevice"
            }
          },
          "FetchDeviceLogGroup": {
            "Type": "AWS::Logs::LogGroup",
            "Properties": {
              "LogGroupName": "/aws/lambda/aws-iot-dev-fetchDevice"
            }
          },
          "ScanDeviceLogGroup": {
            "Type": "AWS::Logs::LogGroup",
            "Properties": {
              "LogGroupName": "/aws/lambda/aws-iot-dev-scanDevice"
            }
          },
          "FetchSubscriptionLogGroup": {
            "Type": "AWS::Logs::LogGroup",
            "Properties": {
              "LogGroupName": "/aws/lambda/aws-iot-dev-fetchSubscription"
            }
          },
          "PrivateAPILogGroup": {
            "Type": "AWS::Logs::LogGroup",
            "Properties": {
              "LogGroupName": "/aws/lambda/aws-iot-dev-privateAPI"
            }
          },
          "IamRoleLambdaExecution": {
            "Type": "AWS::IAM::Role",
            "Properties": {
              "AssumeRolePolicyDocument": {
                "Version": "2012-10-17",
                "Statement": [
                  {
                    "Effect": "Allow",
                    "Principal": {
                      "Service": [
                        "lambda.amazonaws.com"
                      ]
                    },
                    "Action": [
                      "sts:AssumeRole"
                    ]
                  }
                ]
              },
              "Policies": [
                {
                  "PolicyName": {
                    "Fn::Join": [
                      "-",
                      [
                        "aws-iot",
                        "dev",
                        "lambda"
                      ]
                    ]
                  },
                  "PolicyDocument": {
                    "Version": "2012-10-17",
                    "Statement": [
                      {
                        "Effect": "Allow",
                        "Action": [
                          "logs:CreateLogStream",
                          "logs:CreateLogGroup",
                          "logs:TagResource"
                        ],
                        "Resource": [
                          {
                            "Fn::Sub": "arn:${AWS::Partition}:logs:${AWS::Region}:${AWS::AccountId}:log-group:/aws/lambda/aws-iot-dev*:*"
                          }
                        ]
                      },
                      {
                        "Effect": "Allow",
                        "Action": [
                          "logs:PutLogEvents"
                        ],
                        "Resource": [
                          {
                            "Fn::Sub": "arn:${AWS::Partition}:logs:${AWS::Region}:${AWS::AccountId}:log-group:/aws/lambda/aws-iot-dev*:*:*"
                          }
                        ]
                      },
                      {
                        "$ref": "$[\"service\"][\"provider\"][\"iamRoleStatements\"][0]"
                      }
                    ]
                  }
                }
              ],
              "Path": "/",
              "RoleName": {
                "Fn::Join": [
                  "-",
                  [
                    "aws-iot",
                    "dev",
                    {
                      "Ref": "AWS::Region"
                    },
                    "lambdaRole"
                  ]
                ]
              }
            }
          },
          "LoginUserLambdaFunction": {
            "Type": "AWS::Lambda::Function",
            "Properties": {
              "Code": {
                "S3Bucket": {
                  "Ref": "ServerlessDeploymentBucket"
                },
                "S3Key": "serverless/aws-iot/dev/1725031038781-2024-08-30T15:17:18.781Z/loginUser.zip"
              },
              "Handler": "functions/login.handler",
              "Runtime": "nodejs16.x",
              "FunctionName": "aws-iot-dev-loginUser",
              "MemorySize": 1024,
              "Timeout": 6,
              "Environment": {
                "Variables": {
                  "user_pool_id": {
                    "$ref": "$[\"service\"][\"provider\"][\"environment\"][\"user_pool_id\"]"
                  },
                  "client_id": {
                    "$ref": "$[\"service\"][\"provider\"][\"environment\"][\"client_id\"]"
                  }
                }
              },
              "Role": {
                "Fn::GetAtt": [
                  "IamRoleLambdaExecution",
                  "Arn"
                ]
              }
            },
            "DependsOn": [
              "LoginUserLogGroup"
            ]
          },
          "SignupUserLambdaFunction": {
            "Type": "AWS::Lambda::Function",
            "Properties": {
              "Code": {
                "S3Bucket": {
                  "Ref": "ServerlessDeploymentBucket"
                },
                "S3Key": "serverless/aws-iot/dev/1725031038781-2024-08-30T15:17:18.781Z/signupUser.zip"
              },
              "Handler": "functions/signup.handler",
              "Runtime": "nodejs16.x",
              "FunctionName": "aws-iot-dev-signupUser",
              "MemorySize": 1024,
              "Timeout": 6,
              "Environment": {
                "Variables": {
                  "user_pool_id": {
                    "$ref": "$[\"service\"][\"provider\"][\"environment\"][\"user_pool_id\"]"
                  },
                  "client_id": {
                    "$ref": "$[\"service\"][\"provider\"][\"environment\"][\"client_id\"]"
                  }
                }
              },
              "Role": {
                "Fn::GetAtt": [
                  "IamRoleLambdaExecution",
                  "Arn"
                ]
              }
            },
            "DependsOn": [
              "SignupUserLogGroup"
            ]
          },
          "FetchPlansLambdaFunction": {
            "Type": "AWS::Lambda::Function",
            "Properties": {
              "Code": {
                "S3Bucket": {
                  "Ref": "ServerlessDeploymentBucket"
                },
                "S3Key": "serverless/aws-iot/dev/1725031038781-2024-08-30T15:17:18.781Z/fetchPlans.zip"
              },
              "Handler": "functions/fetchPlans.handler",
              "Runtime": "nodejs16.x",
              "FunctionName": "aws-iot-dev-fetchPlans",
              "MemorySize": 1024,
              "Timeout": 6,
              "Environment": {
                "Variables": {
                  "user_pool_id": {
                    "$ref": "$[\"service\"][\"provider\"][\"environment\"][\"user_pool_id\"]"
                  },
                  "client_id": {
                    "$ref": "$[\"service\"][\"provider\"][\"environment\"][\"client_id\"]"
                  }
                }
              },
              "Role": {
                "Fn::GetAtt": [
                  "IamRoleLambdaExecution",
                  "Arn"
                ]
              }
            },
            "DependsOn": [
              "FetchPlansLogGroup"
            ]
          },
          "AddSubscriptionLambdaFunction": {
            "Type": "AWS::Lambda::Function",
            "Properties": {
              "Code": {
                "S3Bucket": {
                  "Ref": "ServerlessDeploymentBucket"
                },
                "S3Key": "serverless/aws-iot/dev/1725031038781-2024-08-30T15:17:18.781Z/addSubscription.zip"
              },
              "Handler": "functions/addSubscription.handler",
              "Runtime": "nodejs16.x",
              "FunctionName": "aws-iot-dev-addSubscription",
              "MemorySize": 1024,
              "Timeout": 6,
              "Environment": {
                "Variables": {
                  "user_pool_id": {
                    "$ref": "$[\"service\"][\"provider\"][\"environment\"][\"user_pool_id\"]"
                  },
                  "client_id": {
                    "$ref": "$[\"service\"][\"provider\"][\"environment\"][\"client_id\"]"
                  }
                }
              },
              "Role": {
                "Fn::GetAtt": [
                  "IamRoleLambdaExecution",
                  "Arn"
                ]
              }
            },
            "DependsOn": [
              "AddSubscriptionLogGroup"
            ]
          },
          "AddDeviceLambdaFunction": {
            "Type": "AWS::Lambda::Function",
            "Properties": {
              "Code": {
                "S3Bucket": {
                  "Ref": "ServerlessDeploymentBucket"
                },
                "S3Key": "serverless/aws-iot/dev/1725031038781-2024-08-30T15:17:18.781Z/addDevice.zip"
              },
              "Handler": "functions/addDevice.handler",
              "Runtime": "nodejs16.x",
              "FunctionName": "aws-iot-dev-addDevice",
              "MemorySize": 1024,
              "Timeout": 6,
              "Environment": {
                "Variables": {
                  "user_pool_id": {
                    "$ref": "$[\"service\"][\"provider\"][\"environment\"][\"user_pool_id\"]"
                  },
                  "client_id": {
                    "$ref": "$[\"service\"][\"provider\"][\"environment\"][\"client_id\"]"
                  }
                }
              },
              "Role": {
                "Fn::GetAtt": [
                  "IamRoleLambdaExecution",
                  "Arn"
                ]
              }
            },
            "DependsOn": [
              "AddDeviceLogGroup"
            ]
          },
          "FetchDeviceLambdaFunction": {
            "Type": "AWS::Lambda::Function",
            "Properties": {
              "Code": {
                "S3Bucket": {
                  "Ref": "ServerlessDeploymentBucket"
                },
                "S3Key": "serverless/aws-iot/dev/1725031038781-2024-08-30T15:17:18.781Z/fetchDevice.zip"
              },
              "Handler": "functions/fetchDevice.handler",
              "Runtime": "nodejs16.x",
              "FunctionName": "aws-iot-dev-fetchDevice",
              "MemorySize": 1024,
              "Timeout": 6,
              "Environment": {
                "Variables": {
                  "user_pool_id": {
                    "$ref": "$[\"service\"][\"provider\"][\"environment\"][\"user_pool_id\"]"
                  },
                  "client_id": {
                    "$ref": "$[\"service\"][\"provider\"][\"environment\"][\"client_id\"]"
                  }
                }
              },
              "Role": {
                "Fn::GetAtt": [
                  "IamRoleLambdaExecution",
                  "Arn"
                ]
              }
            },
            "DependsOn": [
              "FetchDeviceLogGroup"
            ]
          },
          "ScanDeviceLambdaFunction": {
            "Type": "AWS::Lambda::Function",
            "Properties": {
              "Code": {
                "S3Bucket": {
                  "Ref": "ServerlessDeploymentBucket"
                },
                "S3Key": "serverless/aws-iot/dev/1725031038781-2024-08-30T15:17:18.781Z/scanDevice.zip"
              },
              "Handler": "functions/scanDevice.handler",
              "Runtime": "nodejs16.x",
              "FunctionName": "aws-iot-dev-scanDevice",
              "MemorySize": 1024,
              "Timeout": 6,
              "Environment": {
                "Variables": {
                  "user_pool_id": {
                    "$ref": "$[\"service\"][\"provider\"][\"environment\"][\"user_pool_id\"]"
                  },
                  "client_id": {
                    "$ref": "$[\"service\"][\"provider\"][\"environment\"][\"client_id\"]"
                  }
                }
              },
              "Role": {
                "Fn::GetAtt": [
                  "IamRoleLambdaExecution",
                  "Arn"
                ]
              }
            },
            "DependsOn": [
              "ScanDeviceLogGroup"
            ]
          },
          "FetchSubscriptionLambdaFunction": {
            "Type": "AWS::Lambda::Function",
            "Properties": {
              "Code": {
                "S3Bucket": {
                  "Ref": "ServerlessDeploymentBucket"
                },
                "S3Key": "serverless/aws-iot/dev/1725031038781-2024-08-30T15:17:18.781Z/fetchSubscription.zip"
              },
              "Handler": "functions/fetchSubscription.handler",
              "Runtime": "nodejs16.x",
              "FunctionName": "aws-iot-dev-fetchSubscription",
              "MemorySize": 1024,
              "Timeout": 6,
              "Environment": {
                "Variables": {
                  "user_pool_id": {
                    "$ref": "$[\"service\"][\"provider\"][\"environment\"][\"user_pool_id\"]"
                  },
                  "client_id": {
                    "$ref": "$[\"service\"][\"provider\"][\"environment\"][\"client_id\"]"
                  }
                }
              },
              "Role": {
                "Fn::GetAtt": [
                  "IamRoleLambdaExecution",
                  "Arn"
                ]
              }
            },
            "DependsOn": [
              "FetchSubscriptionLogGroup"
            ]
          },
          "PrivateAPILambdaFunction": {
            "Type": "AWS::Lambda::Function",
            "Properties": {
              "Code": {
                "S3Bucket": {
                  "Ref": "ServerlessDeploymentBucket"
                },
                "S3Key": "serverless/aws-iot/dev/1725031038781-2024-08-30T15:17:18.781Z/privateAPI.zip"
              },
              "Handler": "functions/private.handler",
              "Runtime": "nodejs16.x",
              "FunctionName": "aws-iot-dev-privateAPI",
              "MemorySize": 1024,
              "Timeout": 6,
              "Environment": {
                "Variables": {
                  "user_pool_id": {
                    "$ref": "$[\"service\"][\"provider\"][\"environment\"][\"user_pool_id\"]"
                  },
                  "client_id": {
                    "$ref": "$[\"service\"][\"provider\"][\"environment\"][\"client_id\"]"
                  }
                }
              },
              "Role": {
                "Fn::GetAtt": [
                  "IamRoleLambdaExecution",
                  "Arn"
                ]
              }
            },
            "DependsOn": [
              "PrivateAPILogGroup"
            ]
          },
          "FetchDeviceLambdaVersion1BtbtxHaTMODQk33aZHYOHy8kJ2I0Z72Lyk6CsI63s": {
            "Type": "AWS::Lambda::Version",
            "DeletionPolicy": "Retain",
            "Properties": {
              "FunctionName": {
                "Ref": "FetchDeviceLambdaFunction"
              },
              "CodeSha256": "UoxU8SPW9shz1c50memRFmrjakH7tUL8EtfuDASXaos="
            }
          },
          "AddDeviceLambdaVersionoHZy46UlctN3oJ5JpHdEvuEuO2sTRLb6LBsrUP2uuI": {
            "Type": "AWS::Lambda::Version",
            "DeletionPolicy": "Retain",
            "Properties": {
              "FunctionName": {
                "Ref": "AddDeviceLambdaFunction"
              },
              "CodeSha256": "bM+IIqPwMWIuefcMMtAAQNp02eR68MgWqBZ6XTKGZPQ="
            }
          },
          "SignupUserLambdaVersionh72yXEJyqr8sjBpbb0KWsWSORCVk7jJf0V1KGzMGcSM": {
            "Type": "AWS::Lambda::Version",
            "DeletionPolicy": "Retain",
            "Properties": {
              "FunctionName": {
                "Ref": "SignupUserLambdaFunction"
              },
              "CodeSha256": "xuWuTLKFqgC7ii4D6nd0RX2feKLEcGbVwkxGJP/uIGs="
            }
          },
          "LoginUserLambdaVersion2M6IFa8krVvX9ZeNtVBKHwbgHJsxleEj3rfWs5KR3YU": {
            "Type": "AWS::Lambda::Version",
            "DeletionPolicy": "Retain",
            "Properties": {
              "FunctionName": {
                "Ref": "LoginUserLambdaFunction"
              },
              "CodeSha256": "d6OoTGB7IiqkOsZkeBr02tuxWYwxmPS8RmCIDhzdJeM="
            }
          },
          "FetchPlansLambdaVersionTRlruX3gWdekm7mGXtOlQqDx27EXIMSgn2ZAahbazo": {
            "Type": "AWS::Lambda::Version",
            "DeletionPolicy": "Retain",
            "Properties": {
              "FunctionName": {
                "Ref": "FetchPlansLambdaFunction"
              },
              "CodeSha256": "YdNcoA9oV4VI6IC84cOv+crqk9Vei8I9cEGFppe/8TI="
            }
          },
          "ScanDeviceLambdaVersionEkAd6xS2r8XXiChABVJ2yJj40uaEDah2vU0CmClTEL4": {
            "Type": "AWS::Lambda::Version",
            "DeletionPolicy": "Retain",
            "Properties": {
              "FunctionName": {
                "Ref": "ScanDeviceLambdaFunction"
              },
              "CodeSha256": "fMP5P8pX52QkI18dpQidQ1dX4ZAj4Sl3PAQzxOzuiPU="
            }
          },
          "AddSubscriptionLambdaVersionw5B3bQSkQJX9SlmYOMzRoBTKHbkbB64HGDTVxnUXOI": {
            "Type": "AWS::Lambda::Version",
            "DeletionPolicy": "Retain",
            "Properties": {
              "FunctionName": {
                "Ref": "AddSubscriptionLambdaFunction"
              },
              "CodeSha256": "uRB1hemhgiMDlsIeI1+deObsVPHyiWqQyGLsyvWtyyk="
            }
          },
          "FetchSubscriptionLambdaVersion7CfMoLsimK52tfsqfOtR49eyhc3ng4HhLc9j4mJMaU": {
            "Type": "AWS::Lambda::Version",
            "DeletionPolicy": "Retain",
            "Properties": {
              "FunctionName": {
                "Ref": "FetchSubscriptionLambdaFunction"
              },
              "CodeSha256": "yoUgUdFw/EqqWutnNil6xZp9d61Z7td9HmJT12/cscg="
            }
          },
          "PrivateAPILambdaVersiongt7M5FocwA3T3ZGjqcoHrAE3W4nMPYovk3KeXiq46s": {
            "Type": "AWS::Lambda::Version",
            "DeletionPolicy": "Retain",
            "Properties": {
              "FunctionName": {
                "Ref": "PrivateAPILambdaFunction"
              },
              "CodeSha256": "/KdfX5eU4cddx8+6FRDAJIhBPg5bKSreYBeBp4LWho8="
            }
          },
          "ApiGatewayRestApi": {
            "Type": "AWS::ApiGateway::RestApi",
            "Properties": {
              "Name": "dev-aws-iot",
              "EndpointConfiguration": {
                "Types": [
                  "EDGE"
                ]
              },
              "Policy": ""
            }
          },
          "ApiGatewayResourceUser": {
            "Type": "AWS::ApiGateway::Resource",
            "Properties": {
              "ParentId": {
                "Fn::GetAtt": [
                  "ApiGatewayRestApi",
                  "RootResourceId"
                ]
              },
              "PathPart": "user",
              "RestApiId": {
                "Ref": "ApiGatewayRestApi"
              }
            }
          },
          "ApiGatewayResourceUserLogin": {
            "Type": "AWS::ApiGateway::Resource",
            "Properties": {
              "ParentId": {
                "Ref": "ApiGatewayResourceUser"
              },
              "PathPart": "login",
              "RestApiId": {
                "Ref": "ApiGatewayRestApi"
              }
            }
          },
          "ApiGatewayResourceUserSignup": {
            "Type": "AWS::ApiGateway::Resource",
            "Properties": {
              "ParentId": {
                "Ref": "ApiGatewayResourceUser"
              },
              "PathPart": "signup",
              "RestApiId": {
                "Ref": "ApiGatewayRestApi"
              }
            }
          },
          "ApiGatewayResourceUserPrivate": {
            "Type": "AWS::ApiGateway::Resource",
            "Properties": {
              "ParentId": {
                "Ref": "ApiGatewayResourceUser"
              },
              "PathPart": "private",
              "RestApiId": {
                "Ref": "ApiGatewayRestApi"
              }
            }
          },
          "ApiGatewayResourceSubscription": {
            "Type": "AWS::ApiGateway::Resource",
            "Properties": {
              "ParentId": {
                "Fn::GetAtt": [
                  "ApiGatewayRestApi",
                  "RootResourceId"
                ]
              },
              "PathPart": "subscription",
              "RestApiId": {
                "Ref": "ApiGatewayRestApi"
              }
            }
          },
          "ApiGatewayResourceSubscriptionPlans": {
            "Type": "AWS::ApiGateway::Resource",
            "Properties": {
              "ParentId": {
                "Ref": "ApiGatewayResourceSubscription"
              },
              "PathPart": "plans",
              "RestApiId": {
                "Ref": "ApiGatewayRestApi"
              }
            }
          },
          "ApiGatewayResourceSubscriptionAdd": {
            "Type": "AWS::ApiGateway::Resource",
            "Properties": {
              "ParentId": {
                "Ref": "ApiGatewayResourceSubscription"
              },
              "PathPart": "add",
              "RestApiId": {
                "Ref": "ApiGatewayRestApi"
              }
            }
          },
          "ApiGatewayResourceSubscriptionFetch": {
            "Type": "AWS::ApiGateway::Resource",
            "Properties": {
              "ParentId": {
                "Ref": "ApiGatewayResourceSubscription"
              },
              "PathPart": "fetch",
              "RestApiId": {
                "Ref": "ApiGatewayRestApi"
              }
            }
          },
          "ApiGatewayResourceDevice": {
            "Type": "AWS::ApiGateway::Resource",
            "Properties": {
              "ParentId": {
                "Fn::GetAtt": [
                  "ApiGatewayRestApi",
                  "RootResourceId"
                ]
              },
              "PathPart": "device",
              "RestApiId": {
                "Ref": "ApiGatewayRestApi"
              }
            }
          },
          "ApiGatewayResourceDeviceAdd": {
            "Type": "AWS::ApiGateway::Resource",
            "Properties": {
              "ParentId": {
                "Ref": "ApiGatewayResourceDevice"
              },
              "PathPart": "add",
              "RestApiId": {
                "Ref": "ApiGatewayRestApi"
              }
            }
          },
          "ApiGatewayResourceDeviceFetch": {
            "Type": "AWS::ApiGateway::Resource",
            "Properties": {
              "ParentId": {
                "Ref": "ApiGatewayResourceDevice"
              },
              "PathPart": "fetch",
              "RestApiId": {
                "Ref": "ApiGatewayRestApi"
              }
            }
          },
          "ApiGatewayResourceDeviceScan": {
            "Type": "AWS::ApiGateway::Resource",
            "Properties": {
              "ParentId": {
                "Ref": "ApiGatewayResourceDevice"
              },
              "PathPart": "scan",
              "RestApiId": {
                "Ref": "ApiGatewayRestApi"
              }
            }
          },
          "ApiGatewayMethodUserLoginOptions": {
            "Type": "AWS::ApiGateway::Method",
            "Properties": {
              "AuthorizationType": "NONE",
              "HttpMethod": "OPTIONS",
              "MethodResponses": [
                {
                  "StatusCode": "200",
                  "ResponseParameters": {
                    "method.response.header.Access-Control-Allow-Origin": true,
                    "method.response.header.Access-Control-Allow-Headers": true,
                    "method.response.header.Access-Control-Allow-Methods": true
                  },
                  "ResponseModels": {}
                }
              ],
              "RequestParameters": {},
              "Integration": {
                "Type": "MOCK",
                "RequestTemplates": {
                  "application/json": "{statusCode:200}"
                },
                "ContentHandling": "CONVERT_TO_TEXT",
                "IntegrationResponses": [
                  {
                    "StatusCode": "200",
                    "ResponseParameters": {
                      "method.response.header.Access-Control-Allow-Origin": "'*'",
                      "method.response.header.Access-Control-Allow-Headers": "'Content-Type,X-Amz-Date,Authorization,X-Api-Key,X-Amz-Security-Token,X-Amz-User-Agent,X-Amzn-Trace-Id'",
                      "method.response.header.Access-Control-Allow-Methods": "'OPTIONS,POST'"
                    },
                    "ResponseTemplates": {
                      "application/json": ""
                    }
                  }
                ]
              },
              "ResourceId": {
                "Ref": "ApiGatewayResourceUserLogin"
              },
              "RestApiId": {
                "Ref": "ApiGatewayRestApi"
              }
            }
          },
          "ApiGatewayMethodUserSignupOptions": {
            "Type": "AWS::ApiGateway::Method",
            "Properties": {
              "AuthorizationType": "NONE",
              "HttpMethod": "OPTIONS",
              "MethodResponses": [
                {
                  "StatusCode": "200",
                  "ResponseParameters": {
                    "method.response.header.Access-Control-Allow-Origin": true,
                    "method.response.header.Access-Control-Allow-Headers": true,
                    "method.response.header.Access-Control-Allow-Methods": true
                  },
                  "ResponseModels": {}
                }
              ],
              "RequestParameters": {},
              "Integration": {
                "Type": "MOCK",
                "RequestTemplates": {
                  "application/json": "{statusCode:200}"
                },
                "ContentHandling": "CONVERT_TO_TEXT",
                "IntegrationResponses": [
                  {
                    "StatusCode": "200",
                    "ResponseParameters": {
                      "method.response.header.Access-Control-Allow-Origin": "'*'",
                      "method.response.header.Access-Control-Allow-Headers": "'Content-Type,X-Amz-Date,Authorization,X-Api-Key,X-Amz-Security-Token,X-Amz-User-Agent,X-Amzn-Trace-Id'",
                      "method.response.header.Access-Control-Allow-Methods": "'OPTIONS,POST'"
                    },
                    "ResponseTemplates": {
                      "application/json": ""
                    }
                  }
                ]
              },
              "ResourceId": {
                "Ref": "ApiGatewayResourceUserSignup"
              },
              "RestApiId": {
                "Ref": "ApiGatewayRestApi"
              }
            }
          },
          "ApiGatewayMethodSubscriptionPlansOptions": {
            "Type": "AWS::ApiGateway::Method",
            "Properties": {
              "AuthorizationType": "NONE",
              "HttpMethod": "OPTIONS",
              "MethodResponses": [
                {
                  "StatusCode": "200",
                  "ResponseParameters": {
                    "method.response.header.Access-Control-Allow-Origin": true,
                    "method.response.header.Access-Control-Allow-Headers": true,
                    "method.response.header.Access-Control-Allow-Methods": true
                  },
                  "ResponseModels": {}
                }
              ],
              "RequestParameters": {},
              "Integration": {
                "Type": "MOCK",
                "RequestTemplates": {
                  "application/json": "{statusCode:200}"
                },
                "ContentHandling": "CONVERT_TO_TEXT",
                "IntegrationResponses": [
                  {
                    "StatusCode": "200",
                    "ResponseParameters": {
                      "method.response.header.Access-Control-Allow-Origin": "'*'",
                      "method.response.header.Access-Control-Allow-Headers": "'Content-Type,X-Amz-Date,Authorization,X-Api-Key,X-Amz-Security-Token,X-Amz-User-Agent,X-Amzn-Trace-Id'",
                      "method.response.header.Access-Control-Allow-Methods": "'OPTIONS,GET'"
                    },
                    "ResponseTemplates": {
                      "application/json": ""
                    }
                  }
                ]
              },
              "ResourceId": {
                "Ref": "ApiGatewayResourceSubscriptionPlans"
              },
              "RestApiId": {
                "Ref": "ApiGatewayRestApi"
              }
            }
          },
          "ApiGatewayMethodSubscriptionAddOptions": {
            "Type": "AWS::ApiGateway::Method",
            "Properties": {
              "AuthorizationType": "NONE",
              "HttpMethod": "OPTIONS",
              "MethodResponses": [
                {
                  "StatusCode": "200",
                  "ResponseParameters": {
                    "method.response.header.Access-Control-Allow-Origin": true,
                    "method.response.header.Access-Control-Allow-Headers": true,
                    "method.response.header.Access-Control-Allow-Methods": true
                  },
                  "ResponseModels": {}
                }
              ],
              "RequestParameters": {},
              "Integration": {
                "Type": "MOCK",
                "RequestTemplates": {
                  "application/json": "{statusCode:200}"
                },
                "ContentHandling": "CONVERT_TO_TEXT",
                "IntegrationResponses": [
                  {
                    "StatusCode": "200",
                    "ResponseParameters": {
                      "method.response.header.Access-Control-Allow-Origin": "'*'",
                      "method.response.header.Access-Control-Allow-Headers": "'Content-Type,X-Amz-Date,Authorization,X-Api-Key,X-Amz-Security-Token,X-Amz-User-Agent,X-Amzn-Trace-Id'",
                      "method.response.header.Access-Control-Allow-Methods": "'OPTIONS,POST'"
                    },
                    "ResponseTemplates": {
                      "application/json": ""
                    }
                  }
                ]
              },
              "ResourceId": {
                "Ref": "ApiGatewayResourceSubscriptionAdd"
              },
              "RestApiId": {
                "Ref": "ApiGatewayRestApi"
              }
            }
          },
          "ApiGatewayMethodDeviceAddOptions": {
            "Type": "AWS::ApiGateway::Method",
            "Properties": {
              "AuthorizationType": "NONE",
              "HttpMethod": "OPTIONS",
              "MethodResponses": [
                {
                  "StatusCode": "200",
                  "ResponseParameters": {
                    "method.response.header.Access-Control-Allow-Origin": true,
                    "method.response.header.Access-Control-Allow-Headers": true,
                    "method.response.header.Access-Control-Allow-Methods": true
                  },
                  "ResponseModels": {}
                }
              ],
              "RequestParameters": {},
              "Integration": {
                "Type": "MOCK",
                "RequestTemplates": {
                  "application/json": "{statusCode:200}"
                },
                "ContentHandling": "CONVERT_TO_TEXT",
                "IntegrationResponses": [
                  {
                    "StatusCode": "200",
                    "ResponseParameters": {
                      "method.response.header.Access-Control-Allow-Origin": "'*'",
                      "method.response.header.Access-Control-Allow-Headers": "'Content-Type,X-Amz-Date,Authorization,X-Api-Key,X-Amz-Security-Token,X-Amz-User-Agent,X-Amzn-Trace-Id'",
                      "method.response.header.Access-Control-Allow-Methods": "'OPTIONS,POST'"
                    },
                    "ResponseTemplates": {
                      "application/json": ""
                    }
                  }
                ]
              },
              "ResourceId": {
                "Ref": "ApiGatewayResourceDeviceAdd"
              },
              "RestApiId": {
                "Ref": "ApiGatewayRestApi"
              }
            }
          },
          "ApiGatewayMethodDeviceFetchOptions": {
            "Type": "AWS::ApiGateway::Method",
            "Properties": {
              "AuthorizationType": "NONE",
              "HttpMethod": "OPTIONS",
              "MethodResponses": [
                {
                  "StatusCode": "200",
                  "ResponseParameters": {
                    "method.response.header.Access-Control-Allow-Origin": true,
                    "method.response.header.Access-Control-Allow-Headers": true,
                    "method.response.header.Access-Control-Allow-Methods": true
                  },
                  "ResponseModels": {}
                }
              ],
              "RequestParameters": {},
              "Integration": {
                "Type": "MOCK",
                "RequestTemplates": {
                  "application/json": "{statusCode:200}"
                },
                "ContentHandling": "CONVERT_TO_TEXT",
                "IntegrationResponses": [
                  {
                    "StatusCode": "200",
                    "ResponseParameters": {
                      "method.response.header.Access-Control-Allow-Origin": "'*'",
                      "method.response.header.Access-Control-Allow-Headers": "'Content-Type,X-Amz-Date,Authorization,X-Api-Key,X-Amz-Security-Token,X-Amz-User-Agent,X-Amzn-Trace-Id'",
                      "method.response.header.Access-Control-Allow-Methods": "'OPTIONS,GET'"
                    },
                    "ResponseTemplates": {
                      "application/json": ""
                    }
                  }
                ]
              },
              "ResourceId": {
                "Ref": "ApiGatewayResourceDeviceFetch"
              },
              "RestApiId": {
                "Ref": "ApiGatewayRestApi"
              }
            }
          },
          "ApiGatewayMethodDeviceScanOptions": {
            "Type": "AWS::ApiGateway::Method",
            "Properties": {
              "AuthorizationType": "NONE",
              "HttpMethod": "OPTIONS",
              "MethodResponses": [
                {
                  "StatusCode": "200",
                  "ResponseParameters": {
                    "method.response.header.Access-Control-Allow-Origin": true,
                    "method.response.header.Access-Control-Allow-Headers": true,
                    "method.response.header.Access-Control-Allow-Methods": true
                  },
                  "ResponseModels": {}
                }
              ],
              "RequestParameters": {},
              "Integration": {
                "Type": "MOCK",
                "RequestTemplates": {
                  "application/json": "{statusCode:200}"
                },
                "ContentHandling": "CONVERT_TO_TEXT",
                "IntegrationResponses": [
                  {
                    "StatusCode": "200",
                    "ResponseParameters": {
                      "method.response.header.Access-Control-Allow-Origin": "'*'",
                      "method.response.header.Access-Control-Allow-Headers": "'Content-Type,X-Amz-Date,Authorization,X-Api-Key,X-Amz-Security-Token,X-Amz-User-Agent,X-Amzn-Trace-Id'",
                      "method.response.header.Access-Control-Allow-Methods": "'OPTIONS,GET'"
                    },
                    "ResponseTemplates": {
                      "application/json": ""
                    }
                  }
                ]
              },
              "ResourceId": {
                "Ref": "ApiGatewayResourceDeviceScan"
              },
              "RestApiId": {
                "Ref": "ApiGatewayRestApi"
              }
            }
          },
          "ApiGatewayMethodSubscriptionFetchOptions": {
            "Type": "AWS::ApiGateway::Method",
            "Properties": {
              "AuthorizationType": "NONE",
              "HttpMethod": "OPTIONS",
              "MethodResponses": [
                {
                  "StatusCode": "200",
                  "ResponseParameters": {
                    "method.response.header.Access-Control-Allow-Origin": true,
                    "method.response.header.Access-Control-Allow-Headers": true,
                    "method.response.header.Access-Control-Allow-Methods": true
                  },
                  "ResponseModels": {}
                }
              ],
              "RequestParameters": {},
              "Integration": {
                "Type": "MOCK",
                "RequestTemplates": {
                  "application/json": "{statusCode:200}"
                },
                "ContentHandling": "CONVERT_TO_TEXT",
                "IntegrationResponses": [
                  {
                    "StatusCode": "200",
                    "ResponseParameters": {
                      "method.response.header.Access-Control-Allow-Origin": "'*'",
                      "method.response.header.Access-Control-Allow-Headers": "'Content-Type,X-Amz-Date,Authorization,X-Api-Key,X-Amz-Security-Token,X-Amz-User-Agent,X-Amzn-Trace-Id'",
                      "method.response.header.Access-Control-Allow-Methods": "'OPTIONS,GET'"
                    },
                    "ResponseTemplates": {
                      "application/json": ""
                    }
                  }
                ]
              },
              "ResourceId": {
                "Ref": "ApiGatewayResourceSubscriptionFetch"
              },
              "RestApiId": {
                "Ref": "ApiGatewayRestApi"
              }
            }
          },
          "ApiGatewayMethodUserPrivateOptions": {
            "Type": "AWS::ApiGateway::Method",
            "Properties": {
              "AuthorizationType": "NONE",
              "HttpMethod": "OPTIONS",
              "MethodResponses": [
                {
                  "StatusCode": "200",
                  "ResponseParameters": {
                    "method.response.header.Access-Control-Allow-Origin": true,
                    "method.response.header.Access-Control-Allow-Headers": true,
                    "method.response.header.Access-Control-Allow-Methods": true
                  },
                  "ResponseModels": {}
                }
              ],
              "RequestParameters": {},
              "Integration": {
                "Type": "MOCK",
                "RequestTemplates": {
                  "application/json": "{statusCode:200}"
                },
                "ContentHandling": "CONVERT_TO_TEXT",
                "IntegrationResponses": [
                  {
                    "StatusCode": "200",
                    "ResponseParameters": {
                      "method.response.header.Access-Control-Allow-Origin": "'*'",
                      "method.response.header.Access-Control-Allow-Headers": "'Content-Type,X-Amz-Date,Authorization,X-Api-Key,X-Amz-Security-Token,X-Amz-User-Agent,X-Amzn-Trace-Id'",
                      "method.response.header.Access-Control-Allow-Methods": "'OPTIONS,POST'"
                    },
                    "ResponseTemplates": {
                      "application/json": ""
                    }
                  }
                ]
              },
              "ResourceId": {
                "Ref": "ApiGatewayResourceUserPrivate"
              },
              "RestApiId": {
                "Ref": "ApiGatewayRestApi"
              }
            }
          },
          "ApiGatewayMethodUserLoginPost": {
            "Type": "AWS::ApiGateway::Method",
            "Properties": {
              "HttpMethod": "POST",
              "RequestParameters": {},
              "ResourceId": {
                "Ref": "ApiGatewayResourceUserLogin"
              },
              "RestApiId": {
                "Ref": "ApiGatewayRestApi"
              },
              "ApiKeyRequired": false,
              "AuthorizationType": "NONE",
              "Integration": {
                "IntegrationHttpMethod": "POST",
                "Type": "AWS_PROXY",
                "Uri": {
                  "Fn::Join": [
                    "",
                    [
                      "arn:",
                      {
                        "Ref": "AWS::Partition"
                      },
                      ":apigateway:",
                      {
                        "Ref": "AWS::Region"
                      },
                      ":lambda:path/2015-03-31/functions/",
                      {
                        "Fn::GetAtt": [
                          "LoginUserLambdaFunction",
                          "Arn"
                        ]
                      },
                      "/invocations"
                    ]
                  ]
                }
              },
              "MethodResponses": []
            },
            "DependsOn": [
              "LoginUserLambdaPermissionApiGateway"
            ]
          },
          "ApiGatewayMethodUserSignupPost": {
            "Type": "AWS::ApiGateway::Method",
            "Properties": {
              "HttpMethod": "POST",
              "RequestParameters": {},
              "ResourceId": {
                "Ref": "ApiGatewayResourceUserSignup"
              },
              "RestApiId": {
                "Ref": "ApiGatewayRestApi"
              },
              "ApiKeyRequired": false,
              "AuthorizationType": "NONE",
              "Integration": {
                "IntegrationHttpMethod": "POST",
                "Type": "AWS_PROXY",
                "Uri": {
                  "Fn::Join": [
                    "",
                    [
                      "arn:",
                      {
                        "Ref": "AWS::Partition"
                      },
                      ":apigateway:",
                      {
                        "Ref": "AWS::Region"
                      },
                      ":lambda:path/2015-03-31/functions/",
                      {
                        "Fn::GetAtt": [
                          "SignupUserLambdaFunction",
                          "Arn"
                        ]
                      },
                      "/invocations"
                    ]
                  ]
                }
              },
              "MethodResponses": []
            },
            "DependsOn": [
              "SignupUserLambdaPermissionApiGateway"
            ]
          },
          "ApiGatewayMethodSubscriptionPlansGet": {
            "Type": "AWS::ApiGateway::Method",
            "Properties": {
              "HttpMethod": "GET",
              "RequestParameters": {},
              "ResourceId": {
                "Ref": "ApiGatewayResourceSubscriptionPlans"
              },
              "RestApiId": {
                "Ref": "ApiGatewayRestApi"
              },
              "ApiKeyRequired": false,
              "AuthorizationType": "NONE",
              "Integration": {
                "IntegrationHttpMethod": "POST",
                "Type": "AWS_PROXY",
                "Uri": {
                  "Fn::Join": [
                    "",
                    [
                      "arn:",
                      {
                        "Ref": "AWS::Partition"
                      },
                      ":apigateway:",
                      {
                        "Ref": "AWS::Region"
                      },
                      ":lambda:path/2015-03-31/functions/",
                      {
                        "Fn::GetAtt": [
                          "FetchPlansLambdaFunction",
                          "Arn"
                        ]
                      },
                      "/invocations"
                    ]
                  ]
                }
              },
              "MethodResponses": []
            },
            "DependsOn": [
              "FetchPlansLambdaPermissionApiGateway"
            ]
          },
          "ApiGatewayMethodSubscriptionAddPost": {
            "Type": "AWS::ApiGateway::Method",
            "Properties": {
              "HttpMethod": "POST",
              "RequestParameters": {},
              "ResourceId": {
                "Ref": "ApiGatewayResourceSubscriptionAdd"
              },
              "RestApiId": {
                "Ref": "ApiGatewayRestApi"
              },
              "ApiKeyRequired": false,
              "AuthorizationType": "COGNITO_USER_POOLS",
              "AuthorizerId": {
                "Ref": "PrivateAuthorizerApiGatewayAuthorizer"
              },
              "Integration": {
                "IntegrationHttpMethod": "POST",
                "Type": "AWS_PROXY",
                "Uri": {
                  "Fn::Join": [
                    "",
                    [
                      "arn:",
                      {
                        "Ref": "AWS::Partition"
                      },
                      ":apigateway:",
                      {
                        "Ref": "AWS::Region"
                      },
                      ":lambda:path/2015-03-31/functions/",
                      {
                        "Fn::GetAtt": [
                          "AddSubscriptionLambdaFunction",
                          "Arn"
                        ]
                      },
                      "/invocations"
                    ]
                  ]
                }
              },
              "MethodResponses": []
            },
            "DependsOn": [
              "PrivateAuthorizerApiGatewayAuthorizer"
            ]
          },
          "ApiGatewayMethodDeviceAddPost": {
            "Type": "AWS::ApiGateway::Method",
            "Properties": {
              "HttpMethod": "POST",
              "RequestParameters": {},
              "ResourceId": {
                "Ref": "ApiGatewayResourceDeviceAdd"
              },
              "RestApiId": {
                "Ref": "ApiGatewayRestApi"
              },
              "ApiKeyRequired": false,
              "AuthorizationType": "COGNITO_USER_POOLS",
              "AuthorizerId": {
                "Ref": "PrivateAuthorizerApiGatewayAuthorizer"
              },
              "Integration": {
                "IntegrationHttpMethod": "POST",
                "Type": "AWS_PROXY",
                "Uri": {
                  "Fn::Join": [
                    "",
                    [
                      "arn:",
                      {
                        "Ref": "AWS::Partition"
                      },
                      ":apigateway:",
                      {
                        "Ref": "AWS::Region"
                      },
                      ":lambda:path/2015-03-31/functions/",
                      {
                        "Fn::GetAtt": [
                          "AddDeviceLambdaFunction",
                          "Arn"
                        ]
                      },
                      "/invocations"
                    ]
                  ]
                }
              },
              "MethodResponses": []
            },
            "DependsOn": [
              "PrivateAuthorizerApiGatewayAuthorizer"
            ]
          },
          "ApiGatewayMethodDeviceFetchGet": {
            "Type": "AWS::ApiGateway::Method",
            "Properties": {
              "HttpMethod": "GET",
              "RequestParameters": {},
              "ResourceId": {
                "Ref": "ApiGatewayResourceDeviceFetch"
              },
              "RestApiId": {
                "Ref": "ApiGatewayRestApi"
              },
              "ApiKeyRequired": false,
              "AuthorizationType": "COGNITO_USER_POOLS",
              "AuthorizerId": {
                "Ref": "PrivateAuthorizerApiGatewayAuthorizer"
              },
              "Integration": {
                "IntegrationHttpMethod": "POST",
                "Type": "AWS_PROXY",
                "Uri": {
                  "Fn::Join": [
                    "",
                    [
                      "arn:",
                      {
                        "Ref": "AWS::Partition"
                      },
                      ":apigateway:",
                      {
                        "Ref": "AWS::Region"
                      },
                      ":lambda:path/2015-03-31/functions/",
                      {
                        "Fn::GetAtt": [
                          "FetchDeviceLambdaFunction",
                          "Arn"
                        ]
                      },
                      "/invocations"
                    ]
                  ]
                }
              },
              "MethodResponses": []
            },
            "DependsOn": [
              "PrivateAuthorizerApiGatewayAuthorizer"
            ]
          },
          "ApiGatewayMethodDeviceScanGet": {
            "Type": "AWS::ApiGateway::Method",
            "Properties": {
              "HttpMethod": "GET",
              "RequestParameters": {},
              "ResourceId": {
                "Ref": "ApiGatewayResourceDeviceScan"
              },
              "RestApiId": {
                "Ref": "ApiGatewayRestApi"
              },
              "ApiKeyRequired": false,
              "AuthorizationType": "NONE",
              "Integration": {
                "IntegrationHttpMethod": "POST",
                "Type": "AWS_PROXY",
                "Uri": {
                  "Fn::Join": [
                    "",
                    [
                      "arn:",
                      {
                        "Ref": "AWS::Partition"
                      },
                      ":apigateway:",
                      {
                        "Ref": "AWS::Region"
                      },
                      ":lambda:path/2015-03-31/functions/",
                      {
                        "Fn::GetAtt": [
                          "ScanDeviceLambdaFunction",
                          "Arn"
                        ]
                      },
                      "/invocations"
                    ]
                  ]
                }
              },
              "MethodResponses": []
            },
            "DependsOn": [
              "ScanDeviceLambdaPermissionApiGateway"
            ]
          },
          "ApiGatewayMethodSubscriptionFetchGet": {
            "Type": "AWS::ApiGateway::Method",
            "Properties": {
              "HttpMethod": "GET",
              "RequestParameters": {},
              "ResourceId": {
                "Ref": "ApiGatewayResourceSubscriptionFetch"
              },
              "RestApiId": {
                "Ref": "ApiGatewayRestApi"
              },
              "ApiKeyRequired": false,
              "AuthorizationType": "COGNITO_USER_POOLS",
              "AuthorizerId": {
                "Ref": "PrivateAuthorizerApiGatewayAuthorizer"
              },
              "Integration": {
                "IntegrationHttpMethod": "POST",
                "Type": "AWS_PROXY",
                "Uri": {
                  "Fn::Join": [
                    "",
                    [
                      "arn:",
                      {
                        "Ref": "AWS::Partition"
                      },
                      ":apigateway:",
                      {
                        "Ref": "AWS::Region"
                      },
                      ":lambda:path/2015-03-31/functions/",
                      {
                        "Fn::GetAtt": [
                          "FetchSubscriptionLambdaFunction",
                          "Arn"
                        ]
                      },
                      "/invocations"
                    ]
                  ]
                }
              },
              "MethodResponses": []
            },
            "DependsOn": [
              "PrivateAuthorizerApiGatewayAuthorizer"
            ]
          },
          "ApiGatewayMethodUserPrivatePost": {
            "Type": "AWS::ApiGateway::Method",
            "Properties": {
              "HttpMethod": "POST",
              "RequestParameters": {},
              "ResourceId": {
                "Ref": "ApiGatewayResourceUserPrivate"
              },
              "RestApiId": {
                "Ref": "ApiGatewayRestApi"
              },
              "ApiKeyRequired": false,
              "AuthorizationType": "COGNITO_USER_POOLS",
              "AuthorizerId": {
                "Ref": "PrivateAuthorizerApiGatewayAuthorizer"
              },
              "Integration": {
                "IntegrationHttpMethod": "POST",
                "Type": "AWS_PROXY",
                "Uri": {
                  "Fn::Join": [
                    "",
                    [
                      "arn:",
                      {
                        "Ref": "AWS::Partition"
                      },
                      ":apigateway:",
                      {
                        "Ref": "AWS::Region"
                      },
                      ":lambda:path/2015-03-31/functions/",
                      {
                        "Fn::GetAtt": [
                          "PrivateAPILambdaFunction",
                          "Arn"
                        ]
                      },
                      "/invocations"
                    ]
                  ]
                }
              },
              "MethodResponses": []
            },
            "DependsOn": [
              "PrivateAuthorizerApiGatewayAuthorizer"
            ]
          },
          "PrivateAuthorizerApiGatewayAuthorizer": {
            "Type": "AWS::ApiGateway::Authorizer",
            "Properties": {
              "AuthorizerResultTtlInSeconds": 300,
              "IdentitySource": "method.request.header.Authorization",
              "Name": "PrivateAuthorizer",
              "RestApiId": {
                "Ref": "ApiGatewayRestApi"
              },
              "Type": "COGNITO_USER_POOLS",
              "ProviderARNs": [
                {
                  "Fn::GetAtt": [
                    "UserPool",
                    "Arn"
                  ]
                }
              ]
            }
          },
          "ApiGatewayDeployment1725031036348": {
            "Type": "AWS::ApiGateway::Deployment",
            "Properties": {
              "RestApiId": {
                "Ref": "ApiGatewayRestApi"
              },
              "StageName": "dev"
            },
            "DependsOn": [
              "ApiGatewayMethodUserLoginOptions",
              "ApiGatewayMethodUserSignupOptions",
              "ApiGatewayMethodSubscriptionPlansOptions",
              "ApiGatewayMethodSubscriptionAddOptions",
              "ApiGatewayMethodDeviceAddOptions",
              "ApiGatewayMethodDeviceFetchOptions",
              "ApiGatewayMethodDeviceScanOptions",
              "ApiGatewayMethodSubscriptionFetchOptions",
              "ApiGatewayMethodUserPrivateOptions",
              "ApiGatewayMethodUserLoginPost",
              "ApiGatewayMethodUserSignupPost",
              "ApiGatewayMethodSubscriptionPlansGet",
              "ApiGatewayMethodSubscriptionAddPost",
              "ApiGatewayMethodDeviceAddPost",
              "ApiGatewayMethodDeviceFetchGet",
              "ApiGatewayMethodDeviceScanGet",
              "ApiGatewayMethodSubscriptionFetchGet",
              "ApiGatewayMethodUserPrivatePost"
            ]
          },
          "LoginUserLambdaPermissionApiGateway": {
            "Type": "AWS::Lambda::Permission",
            "Properties": {
              "FunctionName": {
                "Fn::GetAtt": [
                  "LoginUserLambdaFunction",
                  "Arn"
                ]
              },
              "Action": "lambda:InvokeFunction",
              "Principal": "apigateway.amazonaws.com",
              "SourceArn": {
                "Fn::Join": [
                  "",
                  [
                    "arn:",
                    {
                      "Ref": "AWS::Partition"
                    },
                    ":execute-api:",
                    {
                      "Ref": "AWS::Region"
                    },
                    ":",
                    {
                      "Ref": "AWS::AccountId"
                    },
                    ":",
                    {
                      "Ref": "ApiGatewayRestApi"
                    },
                    "/*/*"
                  ]
                ]
              }
            }
          },
          "SignupUserLambdaPermissionApiGateway": {
            "Type": "AWS::Lambda::Permission",
            "Properties": {
              "FunctionName": {
                "Fn::GetAtt": [
                  "SignupUserLambdaFunction",
                  "Arn"
                ]
              },
              "Action": "lambda:InvokeFunction",
              "Principal": "apigateway.amazonaws.com",
              "SourceArn": {
                "Fn::Join": [
                  "",
                  [
                    "arn:",
                    {
                      "Ref": "AWS::Partition"
                    },
                    ":execute-api:",
                    {
                      "Ref": "AWS::Region"
                    },
                    ":",
                    {
                      "Ref": "AWS::AccountId"
                    },
                    ":",
                    {
                      "Ref": "ApiGatewayRestApi"
                    },
                    "/*/*"
                  ]
                ]
              }
            }
          },
          "FetchPlansLambdaPermissionApiGateway": {
            "Type": "AWS::Lambda::Permission",
            "Properties": {
              "FunctionName": {
                "Fn::GetAtt": [
                  "FetchPlansLambdaFunction",
                  "Arn"
                ]
              },
              "Action": "lambda:InvokeFunction",
              "Principal": "apigateway.amazonaws.com",
              "SourceArn": {
                "Fn::Join": [
                  "",
                  [
                    "arn:",
                    {
                      "Ref": "AWS::Partition"
                    },
                    ":execute-api:",
                    {
                      "Ref": "AWS::Region"
                    },
                    ":",
                    {
                      "Ref": "AWS::AccountId"
                    },
                    ":",
                    {
                      "Ref": "ApiGatewayRestApi"
                    },
                    "/*/*"
                  ]
                ]
              }
            }
          },
          "AddSubscriptionLambdaPermissionApiGateway": {
            "Type": "AWS::Lambda::Permission",
            "Properties": {
              "FunctionName": {
                "Fn::GetAtt": [
                  "AddSubscriptionLambdaFunction",
                  "Arn"
                ]
              },
              "Action": "lambda:InvokeFunction",
              "Principal": "apigateway.amazonaws.com",
              "SourceArn": {
                "Fn::Join": [
                  "",
                  [
                    "arn:",
                    {
                      "Ref": "AWS::Partition"
                    },
                    ":execute-api:",
                    {
                      "Ref": "AWS::Region"
                    },
                    ":",
                    {
                      "Ref": "AWS::AccountId"
                    },
                    ":",
                    {
                      "Ref": "ApiGatewayRestApi"
                    },
                    "/*/*"
                  ]
                ]
              }
            }
          },
          "AddDeviceLambdaPermissionApiGateway": {
            "Type": "AWS::Lambda::Permission",
            "Properties": {
              "FunctionName": {
                "Fn::GetAtt": [
                  "AddDeviceLambdaFunction",
                  "Arn"
                ]
              },
              "Action": "lambda:InvokeFunction",
              "Principal": "apigateway.amazonaws.com",
              "SourceArn": {
                "Fn::Join": [
                  "",
                  [
                    "arn:",
                    {
                      "Ref": "AWS::Partition"
                    },
                    ":execute-api:",
                    {
                      "Ref": "AWS::Region"
                    },
                    ":",
                    {
                      "Ref": "AWS::AccountId"
                    },
                    ":",
                    {
                      "Ref": "ApiGatewayRestApi"
                    },
                    "/*/*"
                  ]
                ]
              }
            }
          },
          "FetchDeviceLambdaPermissionApiGateway": {
            "Type": "AWS::Lambda::Permission",
            "Properties": {
              "FunctionName": {
                "Fn::GetAtt": [
                  "FetchDeviceLambdaFunction",
                  "Arn"
                ]
              },
              "Action": "lambda:InvokeFunction",
              "Principal": "apigateway.amazonaws.com",
              "SourceArn": {
                "Fn::Join": [
                  "",
                  [
                    "arn:",
                    {
                      "Ref": "AWS::Partition"
                    },
                    ":execute-api:",
                    {
                      "Ref": "AWS::Region"
                    },
                    ":",
                    {
                      "Ref": "AWS::AccountId"
                    },
                    ":",
                    {
                      "Ref": "ApiGatewayRestApi"
                    },
                    "/*/*"
                  ]
                ]
              }
            }
          },
          "ScanDeviceLambdaPermissionApiGateway": {
            "Type": "AWS::Lambda::Permission",
            "Properties": {
              "FunctionName": {
                "Fn::GetAtt": [
                  "ScanDeviceLambdaFunction",
                  "Arn"
                ]
              },
              "Action": "lambda:InvokeFunction",
              "Principal": "apigateway.amazonaws.com",
              "SourceArn": {
                "Fn::Join": [
                  "",
                  [
                    "arn:",
                    {
                      "Ref": "AWS::Partition"
                    },
                    ":execute-api:",
                    {
                      "Ref": "AWS::Region"
                    },
                    ":",
                    {
                      "Ref": "AWS::AccountId"
                    },
                    ":",
                    {
                      "Ref": "ApiGatewayRestApi"
                    },
                    "/*/*"
                  ]
                ]
              }
            }
          },
          "FetchSubscriptionLambdaPermissionApiGateway": {
            "Type": "AWS::Lambda::Permission",
            "Properties": {
              "FunctionName": {
                "Fn::GetAtt": [
                  "FetchSubscriptionLambdaFunction",
                  "Arn"
                ]
              },
              "Action": "lambda:InvokeFunction",
              "Principal": "apigateway.amazonaws.com",
              "SourceArn": {
                "Fn::Join": [
                  "",
                  [
                    "arn:",
                    {
                      "Ref": "AWS::Partition"
                    },
                    ":execute-api:",
                    {
                      "Ref": "AWS::Region"
                    },
                    ":",
                    {
                      "Ref": "AWS::AccountId"
                    },
                    ":",
                    {
                      "Ref": "ApiGatewayRestApi"
                    },
                    "/*/*"
                  ]
                ]
              }
            }
          },
          "PrivateAPILambdaPermissionApiGateway": {
            "Type": "AWS::Lambda::Permission",
            "Properties": {
              "FunctionName": {
                "Fn::GetAtt": [
                  "PrivateAPILambdaFunction",
                  "Arn"
                ]
              },
              "Action": "lambda:InvokeFunction",
              "Principal": "apigateway.amazonaws.com",
              "SourceArn": {
                "Fn::Join": [
                  "",
                  [
                    "arn:",
                    {
                      "Ref": "AWS::Partition"
                    },
                    ":execute-api:",
                    {
                      "Ref": "AWS::Region"
                    },
                    ":",
                    {
                      "Ref": "AWS::AccountId"
                    },
                    ":",
                    {
                      "Ref": "ApiGatewayRestApi"
                    },
                    "/*/*"
                  ]
                ]
              }
            }
          },
          "UserPool": {
            "Type": "AWS::Cognito::UserPool",
            "Properties": {
              "UserPoolName": "iot-poc-auth-pool",
              "Schema": [
                {
                  "Name": "email",
                  "Required": true,
                  "Mutable": true
                }
              ],
              "Policies": {
                "PasswordPolicy": {
                  "MinimumLength": 6
                }
              },
              "AutoVerifiedAttributes": [
                "email"
              ]
            }
          },
          "UserClient": {
            "Type": "AWS::Cognito::UserPoolClient",
            "Properties": {
              "ClientName": "user-pool-ui",
              "GenerateSecret": false,
              "UserPoolId": {
                "Ref": "UserPool"
              },
              "AccessTokenValidity": 5,
              "IdTokenValidity": 5,
              "ExplicitAuthFlows": [
                "ADMIN_NO_SRP_AUTH"
              ]
            }
          },
          "DynamoDbTableForSubscription": {
            "Type": "AWS::DynamoDB::Table",
            "Properties": {
              "TableName": "subscriptions",
              "AttributeDefinitions": [
                {
                  "AttributeName": "email",
                  "AttributeType": "S"
                }
              ],
              "KeySchema": [
                {
                  "AttributeName": "email",
                  "KeyType": "HASH"
                }
              ],
              "BillingMode": "PAY_PER_REQUEST"
            }
          },
          "DynamoDbTableForDeviceData": {
            "Type": "AWS::DynamoDB::Table",
            "Properties": {
              "TableName": "deviceData",
              "AttributeDefinitions": [
                {
                  "AttributeName": "deviceId",
                  "AttributeType": "S"
                }
              ],
              "KeySchema": [
                {
                  "AttributeName": "deviceId",
                  "KeyType": "HASH"
                }
              ],
              "BillingMode": "PAY_PER_REQUEST"
            }
          },
          "DynamoDbTableForPlansData": {
            "Type": "AWS::DynamoDB::Table",
            "Properties": {
              "TableName": "plansData",
              "AttributeDefinitions": [
                {
                  "AttributeName": "planId",
                  "AttributeType": "S"
                }
              ],
              "KeySchema": [
                {
                  "AttributeName": "planId",
                  "KeyType": "HASH"
                }
              ],
              "BillingMode": "PAY_PER_REQUEST"
            }
          },
          "DynamoDbTableForUsersData": {
            "Type": "AWS::DynamoDB::Table",
            "Properties": {
              "TableName": "usersData",
              "AttributeDefinitions": [
                {
                  "AttributeName": "email",
                  "AttributeType": "S"
                }
              ],
              "KeySchema": [
                {
                  "AttributeName": "email",
                  "KeyType": "HASH"
                }
              ],
              "BillingMode": "PAY_PER_REQUEST"
            }
          }
        },
        "Outputs": {
          "ServerlessDeploymentBucketName": {
            "Value": {
              "Ref": "ServerlessDeploymentBucket"
            },
            "Export": {
              "Name": "sls-aws-iot-dev-ServerlessDeploymentBucketName"
            }
          },
          "FetchDeviceLambdaFunctionQualifiedArn": {
            "Description": "Current Lambda function version",
            "Value": {
              "Ref": "FetchDeviceLambdaVersion1BtbtxHaTMODQk33aZHYOHy8kJ2I0Z72Lyk6CsI63s"
            },
            "Export": {
              "Name": "sls-aws-iot-dev-FetchDeviceLambdaFunctionQualifiedArn"
            }
          },
          "AddDeviceLambdaFunctionQualifiedArn": {
            "Description": "Current Lambda function version",
            "Value": {
              "Ref": "AddDeviceLambdaVersionoHZy46UlctN3oJ5JpHdEvuEuO2sTRLb6LBsrUP2uuI"
            },
            "Export": {
              "Name": "sls-aws-iot-dev-AddDeviceLambdaFunctionQualifiedArn"
            }
          },
          "SignupUserLambdaFunctionQualifiedArn": {
            "Description": "Current Lambda function version",
            "Value": {
              "Ref": "SignupUserLambdaVersionh72yXEJyqr8sjBpbb0KWsWSORCVk7jJf0V1KGzMGcSM"
            },
            "Export": {
              "Name": "sls-aws-iot-dev-SignupUserLambdaFunctionQualifiedArn"
            }
          },
          "LoginUserLambdaFunctionQualifiedArn": {
            "Description": "Current Lambda function version",
            "Value": {
              "Ref": "LoginUserLambdaVersion2M6IFa8krVvX9ZeNtVBKHwbgHJsxleEj3rfWs5KR3YU"
            },
            "Export": {
              "Name": "sls-aws-iot-dev-LoginUserLambdaFunctionQualifiedArn"
            }
          },
          "FetchPlansLambdaFunctionQualifiedArn": {
            "Description": "Current Lambda function version",
            "Value": {
              "Ref": "FetchPlansLambdaVersionTRlruX3gWdekm7mGXtOlQqDx27EXIMSgn2ZAahbazo"
            },
            "Export": {
              "Name": "sls-aws-iot-dev-FetchPlansLambdaFunctionQualifiedArn"
            }
          },
          "ScanDeviceLambdaFunctionQualifiedArn": {
            "Description": "Current Lambda function version",
            "Value": {
              "Ref": "ScanDeviceLambdaVersionEkAd6xS2r8XXiChABVJ2yJj40uaEDah2vU0CmClTEL4"
            },
            "Export": {
              "Name": "sls-aws-iot-dev-ScanDeviceLambdaFunctionQualifiedArn"
            }
          },
          "AddSubscriptionLambdaFunctionQualifiedArn": {
            "Description": "Current Lambda function version",
            "Value": {
              "Ref": "AddSubscriptionLambdaVersionw5B3bQSkQJX9SlmYOMzRoBTKHbkbB64HGDTVxnUXOI"
            },
            "Export": {
              "Name": "sls-aws-iot-dev-AddSubscriptionLambdaFunctionQualifiedArn"
            }
          },
          "FetchSubscriptionLambdaFunctionQualifiedArn": {
            "Description": "Current Lambda function version",
            "Value": {
              "Ref": "FetchSubscriptionLambdaVersion7CfMoLsimK52tfsqfOtR49eyhc3ng4HhLc9j4mJMaU"
            },
            "Export": {
              "Name": "sls-aws-iot-dev-FetchSubscriptionLambdaFunctionQualifiedArn"
            }
          },
          "PrivateAPILambdaFunctionQualifiedArn": {
            "Description": "Current Lambda function version",
            "Value": {
              "Ref": "PrivateAPILambdaVersiongt7M5FocwA3T3ZGjqcoHrAE3W4nMPYovk3KeXiq46s"
            },
            "Export": {
              "Name": "sls-aws-iot-dev-PrivateAPILambdaFunctionQualifiedArn"
            }
          },
          "ServiceEndpoint": {
            "Description": "URL of the service endpoint",
            "Value": {
              "Fn::Join": [
                "",
                [
                  "https://",
                  {
                    "Ref": "ApiGatewayRestApi"
                  },
                  ".execute-api.",
                  {
                    "Ref": "AWS::Region"
                  },
                  ".",
                  {
                    "Ref": "AWS::URLSuffix"
                  },
                  "/dev"
                ]
              ]
            },
            "Export": {
              "Name": "sls-aws-iot-dev-ServiceEndpoint"
            }
          }
        }
      },
      "coreCloudFormationTemplate": {
        "AWSTemplateFormatVersion": "2010-09-09",
        "Description": "The AWS CloudFormation template for this Serverless application",
        "Resources": {
          "ServerlessDeploymentBucket": {
            "Type": "AWS::S3::Bucket",
            "Properties": {
              "BucketEncryption": {
                "ServerSideEncryptionConfiguration": [
                  {
                    "ServerSideEncryptionByDefault": {
                      "SSEAlgorithm": "AES256"
                    }
                  }
                ]
              }
            }
          },
          "ServerlessDeploymentBucketPolicy": {
            "Type": "AWS::S3::BucketPolicy",
            "Properties": {
              "Bucket": {
                "Ref": "ServerlessDeploymentBucket"
              },
              "PolicyDocument": {
                "Statement": [
                  {
                    "Action": "s3:*",
                    "Effect": "Deny",
                    "Principal": "*",
                    "Resource": [
                      {
                        "Fn::Join": [
                          "",
                          [
                            "arn:",
                            {
                              "Ref": "AWS::Partition"
                            },
                            ":s3:::",
                            {
                              "Ref": "ServerlessDeploymentBucket"
                            },
                            "/*"
                          ]
                        ]
                      },
                      {
                        "Fn::Join": [
                          "",
                          [
                            "arn:",
                            {
                              "Ref": "AWS::Partition"
                            },
                            ":s3:::",
                            {
                              "Ref": "ServerlessDeploymentBucket"
                            }
                          ]
                        ]
                      }
                    ],
                    "Condition": {
                      "Bool": {
                        "aws:SecureTransport": false
                      }
                    }
                  }
                ]
              }
            }
          }
        },
        "Outputs": {
          "ServerlessDeploymentBucketName": {
            "Value": {
              "Ref": "ServerlessDeploymentBucket"
            }
          }
        }
      },
      "vpc": {}
    },
    "custom": {
      "subscriptionTable": "subscriptions",
      "deviceDataTable": "deviceData",
      "plansDataTable": "plansData",
      "usersDataTable": "usersData",
      "esbuild": {
        "bundle": true,
        "minify": false,
        "sourcemap": true,
        "exclude": "aws-sdk",
        "target": "node14",
        "define": {
          "require.resolve": "undefined"
        },
        "platform": "node",
        "concurrency": 10
      }
    },
    "plugins": [
      "serverless-esbuild"
    ],
    "pluginsData": {},
    "functions": {
      "loginUser": {
        "handler": "functions/login.handler",
        "events": [
          {
            "http": {
              "path": "user/login",
              "method": "post",
              "cors": {
                "origin": "*",
                "methods": [
                  "OPTIONS",
                  "POST"
                ],
                "headers": [
                  "Content-Type",
                  "X-Amz-Date",
                  "Authorization",
                  "X-Api-Key",
                  "X-Amz-Security-Token",
                  "X-Amz-User-Agent",
                  "X-Amzn-Trace-Id"
                ],
                "allowCredentials": false
              },
              "integration": "AWS_PROXY"
            }
          }
        ],
        "name": "aws-iot-dev-loginUser",
        "package": {
          "artifact": ".serverless\\loginUser.zip"
        },
        "memory": 1024,
        "timeout": 6,
        "runtime": "nodejs16.x",
        "vpc": {},
        "versionLogicalId": "LoginUserLambdaVersion2M6IFa8krVvX9ZeNtVBKHwbgHJsxleEj3rfWs5KR3YU"
      },
      "signupUser": {
        "handler": "functions/signup.handler",
        "events": [
          {
            "http": {
              "path": "user/signup",
              "method": "post",
              "cors": {
                "origin": "*",
                "methods": [
                  "OPTIONS",
                  "POST"
                ],
                "headers": [
                  "Content-Type",
                  "X-Amz-Date",
                  "Authorization",
                  "X-Api-Key",
                  "X-Amz-Security-Token",
                  "X-Amz-User-Agent",
                  "X-Amzn-Trace-Id"
                ],
                "allowCredentials": false
              },
              "integration": "AWS_PROXY"
            }
          }
        ],
        "name": "aws-iot-dev-signupUser",
        "package": {
          "artifact": ".serverless\\signupUser.zip"
        },
        "memory": 1024,
        "timeout": 6,
        "runtime": "nodejs16.x",
        "vpc": {},
        "versionLogicalId": "SignupUserLambdaVersionh72yXEJyqr8sjBpbb0KWsWSORCVk7jJf0V1KGzMGcSM"
      },
      "fetchPlans": {
        "handler": "functions/fetchPlans.handler",
        "events": [
          {
            "http": {
              "path": "subscription/plans",
              "method": "get",
              "cors": {
                "origin": "*",
                "methods": [
                  "OPTIONS",
                  "GET"
                ],
                "headers": [
                  "Content-Type",
                  "X-Amz-Date",
                  "Authorization",
                  "X-Api-Key",
                  "X-Amz-Security-Token",
                  "X-Amz-User-Agent",
                  "X-Amzn-Trace-Id"
                ],
                "allowCredentials": false
              },
              "integration": "AWS_PROXY"
            }
          }
        ],
        "name": "aws-iot-dev-fetchPlans",
        "package": {
          "artifact": ".serverless\\fetchPlans.zip"
        },
        "memory": 1024,
        "timeout": 6,
        "runtime": "nodejs16.x",
        "vpc": {},
        "versionLogicalId": "FetchPlansLambdaVersionTRlruX3gWdekm7mGXtOlQqDx27EXIMSgn2ZAahbazo"
      },
      "addSubscription": {
        "handler": "functions/addSubscription.handler",
        "events": [
          {
            "http": {
              "path": "subscription/add",
              "method": "post",
              "cors": {
                "origin": "*",
                "methods": [
                  "OPTIONS",
                  "POST"
                ],
                "headers": [
                  "Content-Type",
                  "X-Amz-Date",
                  "Authorization",
                  "X-Api-Key",
                  "X-Amz-Security-Token",
                  "X-Amz-User-Agent",
                  "X-Amzn-Trace-Id"
                ],
                "allowCredentials": false
              },
              "authorizer": {
                "type": "COGNITO_USER_POOLS",
                "name": "PrivateAuthorizer",
                "arn": {
                  "Fn::GetAtt": [
                    "UserPool",
                    "Arn"
                  ]
                },
                "managedExternally": false,
                "resultTtlInSeconds": 300,
                "identitySource": "method.request.header.Authorization",
                "claims": [
                  "email"
                ]
              },
              "integration": "AWS_PROXY"
            }
          }
        ],
        "name": "aws-iot-dev-addSubscription",
        "package": {
          "artifact": ".serverless\\addSubscription.zip"
        },
        "memory": 1024,
        "timeout": 6,
        "runtime": "nodejs16.x",
        "vpc": {},
        "versionLogicalId": "AddSubscriptionLambdaVersionw5B3bQSkQJX9SlmYOMzRoBTKHbkbB64HGDTVxnUXOI"
      },
      "addDevice": {
        "handler": "functions/addDevice.handler",
        "events": [
          {
            "http": {
              "path": "device/add",
              "method": "post",
              "cors": {
                "origin": "*",
                "methods": [
                  "OPTIONS",
                  "POST"
                ],
                "headers": [
                  "Content-Type",
                  "X-Amz-Date",
                  "Authorization",
                  "X-Api-Key",
                  "X-Amz-Security-Token",
                  "X-Amz-User-Agent",
                  "X-Amzn-Trace-Id"
                ],
                "allowCredentials": false
              },
              "authorizer": {
                "type": "COGNITO_USER_POOLS",
                "name": "PrivateAuthorizer",
                "arn": {
                  "Fn::GetAtt": [
                    "UserPool",
                    "Arn"
                  ]
                },
                "managedExternally": false,
                "resultTtlInSeconds": 300,
                "identitySource": "method.request.header.Authorization",
                "claims": [
                  "email"
                ]
              },
              "integration": "AWS_PROXY"
            }
          }
        ],
        "name": "aws-iot-dev-addDevice",
        "package": {
          "artifact": ".serverless\\addDevice.zip"
        },
        "memory": 1024,
        "timeout": 6,
        "runtime": "nodejs16.x",
        "vpc": {},
        "versionLogicalId": "AddDeviceLambdaVersionoHZy46UlctN3oJ5JpHdEvuEuO2sTRLb6LBsrUP2uuI"
      },
      "fetchDevice": {
        "handler": "functions/fetchDevice.handler",
        "events": [
          {
            "http": {
              "path": "device/fetch",
              "method": "get",
              "cors": {
                "origin": "*",
                "methods": [
                  "OPTIONS",
                  "GET"
                ],
                "headers": [
                  "Content-Type",
                  "X-Amz-Date",
                  "Authorization",
                  "X-Api-Key",
                  "X-Amz-Security-Token",
                  "X-Amz-User-Agent",
                  "X-Amzn-Trace-Id"
                ],
                "allowCredentials": false
              },
              "authorizer": {
                "type": "COGNITO_USER_POOLS",
                "name": "PrivateAuthorizer",
                "arn": {
                  "Fn::GetAtt": [
                    "UserPool",
                    "Arn"
                  ]
                },
                "managedExternally": false,
                "resultTtlInSeconds": 300,
                "identitySource": "method.request.header.Authorization",
                "claims": [
                  "email"
                ]
              },
              "integration": "AWS_PROXY"
            }
          }
        ],
        "name": "aws-iot-dev-fetchDevice",
        "package": {
          "artifact": ".serverless\\fetchDevice.zip"
        },
        "memory": 1024,
        "timeout": 6,
        "runtime": "nodejs16.x",
        "vpc": {},
        "versionLogicalId": "FetchDeviceLambdaVersion1BtbtxHaTMODQk33aZHYOHy8kJ2I0Z72Lyk6CsI63s"
      },
      "scanDevice": {
        "handler": "functions/scanDevice.handler",
        "events": [
          {
            "http": {
              "path": "device/scan",
              "method": "get",
              "cors": {
                "origin": "*",
                "methods": [
                  "OPTIONS",
                  "GET"
                ],
                "headers": [
                  "Content-Type",
                  "X-Amz-Date",
                  "Authorization",
                  "X-Api-Key",
                  "X-Amz-Security-Token",
                  "X-Amz-User-Agent",
                  "X-Amzn-Trace-Id"
                ],
                "allowCredentials": false
              },
              "integration": "AWS_PROXY"
            }
          }
        ],
        "name": "aws-iot-dev-scanDevice",
        "package": {
          "artifact": ".serverless\\scanDevice.zip"
        },
        "memory": 1024,
        "timeout": 6,
        "runtime": "nodejs16.x",
        "vpc": {},
        "versionLogicalId": "ScanDeviceLambdaVersionEkAd6xS2r8XXiChABVJ2yJj40uaEDah2vU0CmClTEL4"
      },
      "fetchSubscription": {
        "handler": "functions/fetchSubscription.handler",
        "events": [
          {
            "http": {
              "path": "subscription/fetch",
              "method": "get",
              "cors": {
                "origin": "*",
                "methods": [
                  "OPTIONS",
                  "GET"
                ],
                "headers": [
                  "Content-Type",
                  "X-Amz-Date",
                  "Authorization",
                  "X-Api-Key",
                  "X-Amz-Security-Token",
                  "X-Amz-User-Agent",
                  "X-Amzn-Trace-Id"
                ],
                "allowCredentials": false
              },
              "authorizer": {
                "type": "COGNITO_USER_POOLS",
                "name": "PrivateAuthorizer",
                "arn": {
                  "Fn::GetAtt": [
                    "UserPool",
                    "Arn"
                  ]
                },
                "managedExternally": false,
                "resultTtlInSeconds": 300,
                "identitySource": "method.request.header.Authorization",
                "claims": [
                  "email"
                ]
              },
              "integration": "AWS_PROXY"
            }
          }
        ],
        "name": "aws-iot-dev-fetchSubscription",
        "package": {
          "artifact": ".serverless\\fetchSubscription.zip"
        },
        "memory": 1024,
        "timeout": 6,
        "runtime": "nodejs16.x",
        "vpc": {},
        "versionLogicalId": "FetchSubscriptionLambdaVersion7CfMoLsimK52tfsqfOtR49eyhc3ng4HhLc9j4mJMaU"
      },
      "privateAPI": {
        "handler": "functions/private.handler",
        "events": [
          {
            "http": {
              "path": "user/private",
              "method": "post",
              "cors": {
                "origin": "*",
                "methods": [
                  "OPTIONS",
                  "POST"
                ],
                "headers": [
                  "Content-Type",
                  "X-Amz-Date",
                  "Authorization",
                  "X-Api-Key",
                  "X-Amz-Security-Token",
                  "X-Amz-User-Agent",
                  "X-Amzn-Trace-Id"
                ],
                "allowCredentials": false
              },
              "authorizer": {
                "type": "COGNITO_USER_POOLS",
                "name": "PrivateAuthorizer",
                "arn": {
                  "Fn::GetAtt": [
                    "UserPool",
                    "Arn"
                  ]
                },
                "managedExternally": false,
                "resultTtlInSeconds": 300,
                "identitySource": "method.request.header.Authorization",
                "claims": [
                  "email"
                ]
              },
              "integration": "AWS_PROXY"
            }
          }
        ],
        "name": "aws-iot-dev-privateAPI",
        "package": {
          "artifact": ".serverless\\privateAPI.zip"
        },
        "memory": 1024,
        "timeout": 6,
        "runtime": "nodejs16.x",
        "vpc": {},
        "versionLogicalId": "PrivateAPILambdaVersiongt7M5FocwA3T3ZGjqcoHrAE3W4nMPYovk3KeXiq46s"
      }
    },
    "resources": {
      "Resources": {
        "UserPool": {
          "Type": "AWS::Cognito::UserPool",
          "Properties": {
            "UserPoolName": "iot-poc-auth-pool",
            "Schema": [
              {
                "Name": "email",
                "Required": true,
                "Mutable": true
              }
            ],
            "Policies": {
              "PasswordPolicy": {
                "MinimumLength": 6
              }
            },
            "AutoVerifiedAttributes": [
              "email"
            ]
          }
        },
        "UserClient": {
          "Type": "AWS::Cognito::UserPoolClient",
          "Properties": {
            "ClientName": "user-pool-ui",
            "GenerateSecret": false,
            "UserPoolId": {
              "Ref": "UserPool"
            },
            "AccessTokenValidity": 5,
            "IdTokenValidity": 5,
            "ExplicitAuthFlows": [
              "ADMIN_NO_SRP_AUTH"
            ]
          }
        },
        "DynamoDbTableForSubscription": {
          "Type": "AWS::DynamoDB::Table",
          "Properties": {
            "TableName": "subscriptions",
            "AttributeDefinitions": [
              {
                "AttributeName": "email",
                "AttributeType": "S"
              }
            ],
            "KeySchema": [
              {
                "AttributeName": "email",
                "KeyType": "HASH"
              }
            ],
            "BillingMode": "PAY_PER_REQUEST"
          }
        },
        "DynamoDbTableForDeviceData": {
          "Type": "AWS::DynamoDB::Table",
          "Properties": {
            "TableName": "deviceData",
            "AttributeDefinitions": [
              {
                "AttributeName": "deviceId",
                "AttributeType": "S"
              }
            ],
            "KeySchema": [
              {
                "AttributeName": "deviceId",
                "KeyType": "HASH"
              }
            ],
            "BillingMode": "PAY_PER_REQUEST"
          }
        },
        "DynamoDbTableForPlansData": {
          "Type": "AWS::DynamoDB::Table",
          "Properties": {
            "TableName": "plansData",
            "AttributeDefinitions": [
              {
                "AttributeName": "planId",
                "AttributeType": "S"
              }
            ],
            "KeySchema": [
              {
                "AttributeName": "planId",
                "KeyType": "HASH"
              }
            ],
            "BillingMode": "PAY_PER_REQUEST"
          }
        },
        "DynamoDbTableForUsersData": {
          "Type": "AWS::DynamoDB::Table",
          "Properties": {
            "TableName": "usersData",
            "AttributeDefinitions": [
              {
                "AttributeName": "email",
                "AttributeType": "S"
              }
            ],
            "KeySchema": [
              {
                "AttributeName": "email",
                "KeyType": "HASH"
              }
            ],
            "BillingMode": "PAY_PER_REQUEST"
          }
        }
      },
      "Outputs": {}
    },
    "configValidationMode": "warn",
    "serviceFilename": "serverless.yml",
    "initialServerlessConfig": {
      "org": "tejasdadhe",
      "service": "aws-iot",
      "package": {
        "individually": true,
        "exclude": [
          "tests/**",
          "tests-integration/**",
          ".idea/**",
          "serverless-configs/**",
          "envs/**",
          "support/**",
          "scripts/**"
        ],
        "artifactsS3KeyDirname": "serverless/aws-iot/dev/code-artifacts"
      },
      "custom": {
        "$ref": "$[\"service\"][\"custom\"]"
      },
      "build": {
        "esbuild": false
      },
      "provider": {
        "$ref": "$[\"service\"][\"provider\"]"
      },
      "plugins": {
        "$ref": "$[\"service\"][\"plugins\"]"
      },
      "resources": {
        "$ref": "$[\"service\"][\"resources\"]"
      },
      "functions": {
        "$ref": "$[\"service\"][\"functions\"]"
      }
    },
    "appId": null,
    "org": "tejasdadhe",
    "orgId": null,
    "build": {
      "$ref": "$[\"service\"][\"initialServerlessConfig\"][\"build\"]"
    },
    "layers": {}
  },
  "package": {
    "individually": true,
    "artifactDirectoryName": "serverless/aws-iot/dev/1725031038781-2024-08-30T15:17:18.781Z",
    "artifact": ""
  }
}